nombre,apellido,email,sexo,edad
Lisa,Arnold,larnold0@bloglovin.com,F,55
Nancy,Gilbert,ngilbert1@comcast.net,F,71
Theresa,Mills,tmills2@godaddy.com,F,92
Eric,Washington,ewashington3@forbes.com,M,50
Doris,Franklin,dfranklin4@sina.com.cn,F,29
Linda,Welch,lwelch5@princeton.edu,F,54
Denise,Welch,dwelch6@ca.gov,F,21
Jeremy,George,jgeorge7@exblog.jp,M,20
Todd,Perkins,tperkins8@desdev.cn,M,65
Evelyn,Green,egreen9@joomla.org,F,60
Paula,Franklin,pfranklina@opensource.org,F,66
Jeremy,Burke,jburkeb@gov.uk,M,36
George,Ellis,gellisc@joomla.org,M,24
Brandon,Elliott,belliottd@imgur.com,M,72
Mildred,Fuller,mfullere@ifeng.com,F,40
Kenneth,Nelson,knelsonf@51.la,M,39
Adam,Young,ayoungg@miibeian.gov.cn,M,24
Eric,Dunn,edunnh@odnoklassniki.ru,M,99
Shirley,Ellis,sellisi@quantcast.com,F,96
Louise,Williamson,lwilliamsonj@com.com,F,59
Earl,Morris,emorrisk@skyrock.com,M,79
Aaron,Carroll,acarrolll@ow.ly,M,28
George,Hawkins,ghawkinsm@facebook.com,M,93
Tammy,Kim,tkimn@sfgate.com,F,100
Terry,Murphy,tmurphyo@123-reg.co.uk,M,58
Jeffrey,Morrison,jmorrisonp@dyndns.org,M,84
Dennis,Palmer,dpalmerq@typepad.com,M,68
Brandon,Wilson,bwilsonr@blog.com,M,97
Beverly,Andrews,bandrewss@irs.gov,F,96
Janet,Owens,jowenst@goo.ne.jp,F,69
Diane,Jenkins,djenkinsu@imageshack.us,F,8
Jessica,Russell,jrussellv@ezinearticles.com,F,30
Doris,Kelly,dkellyw@yahoo.co.jp,F,68
Jonathan,Cook,jcookx@prweb.com,M,19
Kathy,Romero,kromeroy@gov.uk,F,51
Maria,Montgomery,mmontgomeryz@sohu.com,F,38
Kathy,Jackson,kjackson10@purevolume.com,F,26
Todd,Phillips,tphillips11@reverbnation.com,M,77
Barbara,Webb,bwebb12@thetimes.co.uk,F,37
Howard,Hamilton,hhamilton13@craigslist.org,M,82
George,Boyd,gboyd14@exblog.jp,M,55
Paula,Vasquez,pvasquez15@constantcontact.com,F,29
Denise,Rivera,drivera16@shutterfly.com,F,36
Ryan,Gardner,rgardner17@is.gd,M,12
Frances,Turner,fturner18@bbc.co.uk,F,20
Katherine,Fowler,kfowler19@seattletimes.com,F,57
Timothy,Lee,tlee1a@amazon.de,M,10
Catherine,Burns,cburns1b@mapy.cz,F,58
Doris,Pierce,dpierce1c@cbslocal.com,F,88
Joshua,Jenkins,jjenkins1d@nbcnews.com,M,37
Karen,Bell,kbell1e@ebay.com,F,76
Wanda,Brooks,wbrooks1f@google.co.jp,F,87
Betty,Peters,bpeters1g@tripadvisor.com,F,96
Nicole,Crawford,ncrawford1h@wordpress.org,F,24
Edward,Brown,ebrown1i@timesonline.co.uk,M,22
Billy,Gomez,bgomez1j@ihg.com,M,46
Julia,Rogers,jrogers1k@auda.org.au,F,78
Thomas,Reid,treid1l@icio.us,M,25
Antonio,Cruz,acruz1m@shop-pro.jp,M,70
Larry,Lawrence,llawrence1n@narod.ru,M,58
Samuel,Matthews,smatthews1o@jigsy.com,M,64
Victor,Fuller,vfuller1p@yale.edu,M,79
Mildred,Stanley,mstanley1q@princeton.edu,F,44
Steven,Hill,shill1r@furl.net,M,49
Joseph,Day,jday1s@homestead.com,M,51
Ashley,Spencer,aspencer1t@hexun.com,F,44
Diane,Kelley,dkelley1u@cdbaby.com,F,99
Ryan,Murphy,rmurphy1v@craigslist.org,M,11
Gerald,Ramirez,gramirez1w@hp.com,M,87
Lillian,Harris,lharris1x@ucoz.ru,F,20
Barbara,Gibson,bgibson1y@jigsy.com,F,35
Julie,Weaver,jweaver1z@yahoo.com,F,84
Aaron,Gomez,agomez20@mapy.cz,M,11
Gloria,Cole,gcole21@hubpages.com,F,92
Michael,Montgomery,mmontgomery22@timesonline.co.uk,M,35
Terry,Dunn,tdunn23@t-online.de,M,69
Anna,Miller,amiller24@goo.ne.jp,F,42
Timothy,Alvarez,talvarez25@ask.com,M,62
Anne,Kelley,akelley26@epa.gov,F,87
Janet,Marshall,jmarshall27@about.me,F,93
Barbara,Carter,bcarter28@ycombinator.com,F,92
Louis,Watson,lwatson29@skype.com,M,63
Lois,Larson,llarson2a@virginia.edu,F,81
Joe,Evans,jevans2b@aboutads.info,M,30
Thomas,Bradley,tbradley2c@creativecommons.org,M,20
Kathy,Smith,ksmith2d@hao123.com,F,95
Lillian,Perry,lperry2e@live.com,F,100
Samuel,Carr,scarr2f@hibu.com,M,25
Dorothy,Garrett,dgarrett2g@unicef.org,F,63
Diane,Jenkins,djenkins2h@home.pl,F,38
Edward,Gonzales,egonzales2i@foxnews.com,M,52
Frank,Bryant,fbryant2j@gravatar.com,M,13
Ann,Butler,abutler2k@photobucket.com,F,35
Judith,Little,jlittle2l@toplist.cz,F,25
Willie,Garrett,wgarrett2m@si.edu,M,39
Clarence,Rogers,crogers2n@cnbc.com,M,60
Willie,Fox,wfox2o@symantec.com,M,4
Jack,Morris,jmorris2p@zimbio.com,M,91
Philip,Hill,phill2q@paginegialle.it,M,1
David,Williams,dwilliams2r@usnews.com,M,41
Harold,Dunn,hdunn2s@bravesites.com,M,17
Amanda,Hawkins,ahawkins2t@theatlantic.com,F,40
Lillian,Warren,lwarren2u@whitehouse.gov,F,32
Sean,Gordon,sgordon2v@netvibes.com,M,80
Sandra,Brown,sbrown2w@vk.com,F,51
Jose,Ruiz,jruiz2x@va.gov,M,64
Amanda,Myers,amyers2y@sun.com,F,18
Emily,Allen,eallen2z@linkedin.com,F,45
Michael,Cunningham,mcunningham30@360.cn,M,9
Jerry,Gilbert,jgilbert31@goo.ne.jp,M,14
Anthony,Young,ayoung32@virginia.edu,M,60
Melissa,Rivera,mrivera33@reference.com,F,67
Paula,Ross,pross34@tuttocitta.it,F,5
Joan,Sims,jsims35@sourceforge.net,F,62
Lillian,Moore,lmoore36@engadget.com,F,79
Dennis,Powell,dpowell37@state.gov,M,44
Victor,Price,vprice38@pagesperso-orange.fr,M,30
Pamela,Barnes,pbarnes39@squarespace.com,F,58
Steve,Reed,sreed3a@homestead.com,M,44
Anthony,Knight,aknight3b@yellowpages.com,M,7
Chris,Spencer,cspencer3c@meetup.com,M,54
Jimmy,Harvey,jharvey3d@yale.edu,M,4
Betty,Hudson,bhudson3e@spiegel.de,F,7
Frances,Carroll,fcarroll3f@51.la,F,19
Craig,Ray,cray3g@bbb.org,M,65
Linda,Kelly,lkelly3h@reference.com,F,55
Pamela,Davis,pdavis3i@squidoo.com,F,97
Catherine,Howell,chowell3j@hatena.ne.jp,F,49
Catherine,Hughes,chughes3k@ocn.ne.jp,F,99
Donald,Banks,dbanks3l@nytimes.com,M,70
Alice,Long,along3m@cnet.com,F,63
Martha,Webb,mwebb3n@youtube.com,F,82
Angela,Burke,aburke3o@xrea.com,F,28
Kelly,Thompson,kthompson3p@topsy.com,F,10
Beverly,Cole,bcole3q@mozilla.org,F,1
Gerald,Williamson,gwilliamson3r@uol.com.br,M,42
Jeffrey,Carter,jcarter3s@themeforest.net,M,9
Billy,Howard,bhoward3t@google.com,M,29
Nancy,Hughes,nhughes3u@auda.org.au,F,72
Willie,Perry,wperry3v@reuters.com,M,47
Timothy,Olson,tolson3w@xinhuanet.com,M,73
Roy,Burke,rburke3x@businessinsider.com,M,38
Teresa,Lawrence,tlawrence3y@google.com.br,F,52
Rachel,Morales,rmorales3z@bigcartel.com,F,58
Daniel,Peters,dpeters40@fda.gov,M,48
Nicholas,Pierce,npierce41@rambler.ru,M,97
Nancy,Watkins,nwatkins42@fastcompany.com,F,84
Lisa,Reynolds,lreynolds43@nytimes.com,F,53
Richard,Simmons,rsimmons44@admin.ch,M,77
Mark,Hart,mhart45@amazon.co.uk,M,26
Terry,Sims,tsims46@yahoo.com,M,12
Kathryn,Gilbert,kgilbert47@domainmarket.com,F,6
Virginia,Garrett,vgarrett48@alexa.com,F,54
Gerald,Mendoza,gmendoza49@cdc.gov,M,6
Eugene,George,egeorge4a@woothemes.com,M,22
Jacqueline,Perez,jperez4b@toplist.cz,F,42
Lisa,Brooks,lbrooks4c@netlog.com,F,54
Margaret,Powell,mpowell4d@weather.com,F,76
Lillian,Wright,lwright4e@desdev.cn,F,93
Carolyn,Hayes,chayes4f@samsung.com,F,56
Brian,Johnston,bjohnston4g@timesonline.co.uk,M,48
Roger,Nguyen,rnguyen4h@va.gov,M,15
Kathleen,Franklin,kfranklin4i@yelp.com,F,65
Aaron,Cunningham,acunningham4j@storify.com,M,93
Diana,Mason,dmason4k@free.fr,F,29
Raymond,Bennett,rbennett4l@reddit.com,M,17
Jason,Lewis,jlewis4m@skyrock.com,M,86
Kathy,Richards,krichards4n@spiegel.de,F,88
Angela,Howell,ahowell4o@economist.com,F,87
Walter,Meyer,wmeyer4p@rambler.ru,M,1
Michael,Williamson,mwilliamson4q@earthlink.net,M,32
Lawrence,Perry,lperry4r@booking.com,M,40
Harry,Bell,hbell4s@nba.com,M,60
Martin,Wood,mwood4t@wunderground.com,M,62
Patrick,Gutierrez,pgutierrez4u@hc360.com,M,56
Phillip,Bishop,pbishop4v@narod.ru,M,90
Jacqueline,Stephens,jstephens4w@upenn.edu,F,20
Juan,Ryan,jryan4x@biblegateway.com,M,66
Sean,Stephens,sstephens4y@independent.co.uk,M,45
Janet,Fox,jfox4z@tamu.edu,F,1
Larry,Jenkins,ljenkins50@tiny.cc,M,79
Eric,Wallace,ewallace51@statcounter.com,M,60
Jessica,Palmer,jpalmer52@themeforest.net,F,17
Betty,Gardner,bgardner53@slideshare.net,F,41
Diana,Reyes,dreyes54@who.int,F,54
Nancy,Grant,ngrant55@wiley.com,F,96
Wanda,Wilson,wwilson56@uiuc.edu,F,59
Brenda,Romero,bromero57@alexa.com,F,75
Henry,Moreno,hmoreno58@purevolume.com,M,2
Sharon,Johnston,sjohnston59@de.vu,F,61
Nicholas,Bennett,nbennett5a@time.com,M,34
Evelyn,Green,egreen5b@google.fr,F,17
Jack,Murray,jmurray5c@ezinearticles.com,M,3
Bonnie,Bell,bbell5d@usnews.com,F,56
Juan,Ray,jray5e@uol.com.br,M,35
Shawn,Fowler,sfowler5f@gov.uk,M,71
Margaret,Dunn,mdunn5g@amazonaws.com,F,41
William,Bowman,wbowman5h@google.co.jp,M,29
Jane,Simpson,jsimpson5i@stumbleupon.com,F,34
Jack,Alexander,jalexander5j@tumblr.com,M,84
Juan,Lane,jlane5k@google.com.hk,M,8
Judith,Gutierrez,jgutierrez5l@va.gov,F,19
Andrew,Robertson,arobertson5m@opera.com,M,65
Benjamin,Reyes,breyes5n@utexas.edu,M,31
Joshua,Austin,jaustin5o@yandex.ru,M,82
Amy,Harris,aharris5p@unesco.org,F,97
Susan,Porter,sporter5q@taobao.com,F,13
Jeffrey,Gonzales,jgonzales5r@sun.com,M,59
Jeffrey,Cox,jcox5s@europa.eu,M,79
Stephen,Ruiz,sruiz5t@prlog.org,M,28
Juan,Coleman,jcoleman5u@example.com,M,39
Laura,Davis,ldavis5v@engadget.com,F,11
Sandra,Alexander,salexander5w@nba.com,F,38
Frances,Simmons,fsimmons5x@smh.com.au,F,62
Roger,Shaw,rshaw5y@epa.gov,M,69
Arthur,Lawrence,alawrence5z@tmall.com,M,62
Teresa,Gray,tgray60@miibeian.gov.cn,F,35
Patricia,Hernandez,phernandez61@epa.gov,F,85
Jean,Simpson,jsimpson62@qq.com,F,87
Lori,Welch,lwelch63@senate.gov,F,19
Katherine,Jordan,kjordan64@bbb.org,F,39
Shirley,Mason,smason65@ebay.co.uk,F,23
Steve,Morrison,smorrison66@clickbank.net,M,56
Cheryl,Nguyen,cnguyen67@geocities.jp,F,24
Kathleen,Fox,kfox68@macromedia.com,F,48
Nicholas,Diaz,ndiaz69@so-net.ne.jp,M,27
Adam,Mason,amason6a@dyndns.org,M,27
Norma,Butler,nbutler6b@bandcamp.com,F,22
Helen,Hall,hhall6c@fotki.com,F,21
Nicholas,Coleman,ncoleman6d@google.com,M,91
Lisa,Murray,lmurray6e@theguardian.com,F,51
Joe,Bell,jbell6f@home.pl,M,77
Karen,Mitchell,kmitchell6g@jalbum.net,F,81
Susan,Wright,swright6h@prlog.org,F,68
Antonio,Howard,ahoward6i@un.org,M,34
Philip,Mccoy,pmccoy6j@toplist.cz,M,69
Gregory,Mitchell,gmitchell6k@usgs.gov,M,87
Nancy,Williamson,nwilliamson6l@whitehouse.gov,F,71
Diane,Dunn,ddunn6m@linkedin.com,F,61
Stephen,Walker,swalker6n@jalbum.net,M,53
Angela,Hughes,ahughes6o@usda.gov,F,84
Katherine,Diaz,kdiaz6p@amazon.de,F,27
Kelly,Gilbert,kgilbert6q@cpanel.net,F,34
Arthur,Gray,agray6r@mit.edu,M,15
Margaret,Hart,mhart6s@shinystat.com,F,75
Albert,Owens,aowens6t@fda.gov,M,19
Bonnie,Cox,bcox6u@imageshack.us,F,59
Jennifer,Fowler,jfowler6v@tripadvisor.com,F,99
Benjamin,Knight,bknight6w@auda.org.au,M,9
Raymond,Palmer,rpalmer6x@ezinearticles.com,M,43
Nancy,Cole,ncole6y@flickr.com,F,30
Cheryl,George,cgeorge6z@chicagotribune.com,F,95
Dennis,Fisher,dfisher70@domainmarket.com,M,93
Frances,Olson,folson71@vkontakte.ru,F,55
Robert,Coleman,rcoleman72@webnode.com,M,50
Anne,Carpenter,acarpenter73@feedburner.com,F,70
Judy,Miller,jmiller74@aol.com,F,91
Debra,Howard,dhoward75@wix.com,F,85
Margaret,Simpson,msimpson76@forbes.com,F,30
Karen,Peterson,kpeterson77@themeforest.net,F,69
Michelle,Crawford,mcrawford78@go.com,F,68
Ryan,Nguyen,rnguyen79@slideshare.net,M,91
Joe,Dean,jdean7a@google.co.uk,M,70
Jonathan,Mitchell,jmitchell7b@blogs.com,M,27
Bobby,Garza,bgarza7c@seattletimes.com,M,54
Martin,Porter,mporter7d@washingtonpost.com,M,47
Nicole,Weaver,nweaver7e@google.co.uk,F,84
Raymond,Rogers,rrogers7f@telegraph.co.uk,M,18
Arthur,Ferguson,aferguson7g@ebay.co.uk,M,62
Linda,Sims,lsims7h@tripadvisor.com,F,37
Melissa,Jordan,mjordan7i@weibo.com,F,40
Kelly,Carpenter,kcarpenter7j@psu.edu,F,42
William,Wells,wwells7k@mac.com,M,1
Katherine,Chapman,kchapman7l@cnbc.com,F,77
Debra,Olson,dolson7m@delicious.com,F,78
Melissa,Foster,mfoster7n@businesswire.com,F,36
Justin,Cooper,jcooper7o@over-blog.com,M,53
Dorothy,Williamson,dwilliamson7p@theglobeandmail.com,F,10
Randy,Harris,rharris7q@bloglines.com,M,27
Randy,Greene,rgreene7r@nytimes.com,M,48
Jason,Lawson,jlawson7s@topsy.com,M,84
Debra,Cole,dcole7t@tripod.com,F,55
Patrick,Little,plittle7u@bravesites.com,M,36
Sarah,Castillo,scastillo7v@cloudflare.com,F,78
Amy,Hudson,ahudson7w@mit.edu,F,93
James,Arnold,jarnold7x@princeton.edu,M,4
William,Daniels,wdaniels7y@csmonitor.com,M,19
Donna,Gutierrez,dgutierrez7z@engadget.com,F,53
Craig,Henderson,chenderson80@1und1.de,M,11
Jean,Campbell,jcampbell81@oakley.com,F,74
Shirley,West,swest82@feedburner.com,F,24
Paula,Clark,pclark83@woothemes.com,F,37
Denise,Greene,dgreene84@1und1.de,F,99
Joseph,Flores,jflores85@youku.com,M,72
Chris,Reid,creid86@360.cn,M,55
Jose,Mills,jmills87@sohu.com,M,97
Kathryn,Allen,kallen88@quantcast.com,F,63
Robert,Ferguson,rferguson89@symantec.com,M,16
Bobby,Banks,bbanks8a@craigslist.org,M,68
Larry,Torres,ltorres8b@newsvine.com,M,40
Jennifer,Freeman,jfreeman8c@washington.edu,F,66
Maria,Stephens,mstephens8d@umich.edu,F,44
George,Nichols,gnichols8e@chronoengine.com,M,7
Gerald,Gomez,ggomez8f@themeforest.net,M,22
Denise,Ramos,dramos8g@naver.com,F,97
Benjamin,Greene,bgreene8h@people.com.cn,M,86
Angela,Peters,apeters8i@google.co.uk,F,24
Ronald,Richardson,rrichardson8j@bloglovin.com,M,55
Craig,Ford,cford8k@netvibes.com,M,74
Chris,Castillo,ccastillo8l@cmu.edu,M,43
Wayne,Austin,waustin8m@slideshare.net,M,40
Willie,Ramirez,wramirez8n@apache.org,M,84
Steve,Rodriguez,srodriguez8o@ucla.edu,M,47
Louis,Ellis,lellis8p@globo.com,M,14
Theresa,Evans,tevans8q@php.net,F,15
Jimmy,Jordan,jjordan8r@imageshack.us,M,94
Diane,Hanson,dhanson8s@prweb.com,F,91
Helen,Burns,hburns8t@huffingtonpost.com,F,15
Billy,Stone,bstone8u@youku.com,M,10
Linda,Nguyen,lnguyen8v@zimbio.com,F,56
Justin,Reyes,jreyes8w@reference.com,M,69
Lori,Collins,lcollins8x@etsy.com,F,33
Ralph,Hamilton,rhamilton8y@usda.gov,M,25
Irene,Arnold,iarnold8z@ow.ly,F,90
Andrea,Perry,aperry90@google.co.jp,F,54
Jessica,Rice,jrice91@ameblo.jp,F,55
Matthew,Duncan,mduncan92@homestead.com,M,97
Jerry,Ramirez,jramirez93@salon.com,M,91
Jeremy,Jones,jjones94@nydailynews.com,M,36
Angela,Arnold,aarnold95@hostgator.com,F,65
Philip,Hicks,phicks96@ed.gov,M,76
Roy,Ferguson,rferguson97@networksolutions.com,M,85
Deborah,Bradley,dbradley98@bloomberg.com,F,1
Joseph,Wheeler,jwheeler99@google.com.br,M,38
Carlos,Palmer,cpalmer9a@ocn.ne.jp,M,18
Juan,Fernandez,jfernandez9b@pagesperso-orange.fr,M,74
Sandra,Young,syoung9c@wordpress.org,F,43
Lisa,Gomez,lgomez9d@amazon.de,F,54
Sarah,Cruz,scruz9e@unblog.fr,F,50
Sarah,Riley,sriley9f@hp.com,F,76
Barbara,Bishop,bbishop9g@hud.gov,F,85
Nancy,Garrett,ngarrett9h@prnewswire.com,F,49
Stephen,Bishop,sbishop9i@craigslist.org,M,12
Todd,Gonzales,tgonzales9j@blog.com,M,78
Daniel,Lane,dlane9k@topsy.com,M,65
Carol,Diaz,cdiaz9l@dyndns.org,F,60
Harry,Powell,hpowell9m@walmart.com,M,8
Elizabeth,Wheeler,ewheeler9n@free.fr,F,6
Terry,Austin,taustin9o@mtv.com,M,42
Raymond,Phillips,rphillips9p@woothemes.com,M,46
Samuel,Peters,speters9q@xing.com,M,97
Henry,Andrews,handrews9r@hc360.com,M,25
Linda,Cooper,lcooper9s@delicious.com,F,42
Bruce,Lewis,blewis9t@i2i.jp,M,72
Joyce,Hicks,jhicks9u@earthlink.net,F,55
Annie,Lynch,alynch9v@smugmug.com,F,91
Marie,Bailey,mbailey9w@columbia.edu,F,55
Christopher,Grant,cgrant9x@cargocollective.com,M,67
Donald,Price,dprice9y@surveymonkey.com,M,6
Jerry,Miller,jmiller9z@nbcnews.com,M,55
Mary,Reid,mreida0@nationalgeographic.com,F,3
Ernest,King,ekinga1@cocolog-nifty.com,M,20
Gregory,Sims,gsimsa2@craigslist.org,M,96
Bonnie,Lee,bleea3@wired.com,F,86
Anthony,Reyes,areyesa4@a8.net,M,51
Carol,Henry,chenrya5@guardian.co.uk,F,71
Eric,Long,elonga6@mayoclinic.com,M,6
Louise,Bradley,lbradleya7@odnoklassniki.ru,F,64
Betty,Tucker,btuckera8@census.gov,F,46
Phyllis,Murphy,pmurphya9@dell.com,F,72
Sharon,Harvey,sharveyaa@arstechnica.com,F,50
Timothy,Fowler,tfowlerab@tripod.com,M,33
Henry,Hawkins,hhawkinsac@marketwatch.com,M,96
Sean,Cole,scolead@deliciousdays.com,M,59
Kenneth,Palmer,kpalmerae@yolasite.com,M,44
Mark,Matthews,mmatthewsaf@ed.gov,M,71
Shawn,Woods,swoodsag@mozilla.com,M,36
Helen,Jones,hjonesah@ovh.net,F,57
Kathleen,Alexander,kalexanderai@netvibes.com,F,65
Martin,Ryan,mryanaj@fda.gov,M,75
Laura,Coleman,lcolemanak@rediff.com,F,63
Justin,Hughes,jhughesal@scientificamerican.com,M,34
Judy,Perkins,jperkinsam@ox.ac.uk,F,5
Linda,Reyes,lreyesan@bigcartel.com,F,1
Louise,Rogers,lrogersao@arstechnica.com,F,9
Catherine,Dunn,cdunnap@cisco.com,F,41
Joseph,Flores,jfloresaq@360.cn,M,83
Anne,Owens,aowensar@sfgate.com,F,71
Paul,Scott,pscottas@ask.com,M,37
Chris,Andrews,candrewsat@theatlantic.com,M,65
Ruby,Berry,rberryau@statcounter.com,F,25
Harold,Lane,hlaneav@netscape.com,M,3
Jessica,Cunningham,jcunninghamaw@ft.com,F,99
Kimberly,Rogers,krogersax@people.com.cn,F,94
Craig,Carr,ccarray@mysql.com,M,77
Louis,Bowman,lbowmanaz@themeforest.net,M,88
Charles,Romero,cromerob0@google.fr,M,31
Jimmy,Gray,jgrayb1@si.edu,M,57
Angela,Hill,ahillb2@unblog.fr,F,46
Matthew,Watkins,mwatkinsb3@w3.org,M,67
Evelyn,Burton,eburtonb4@cnbc.com,F,72
Andrea,Hawkins,ahawkinsb5@aol.com,F,13
Justin,Hawkins,jhawkinsb6@si.edu,M,87
Susan,Stanley,sstanleyb7@histats.com,F,21
Phillip,Ford,pfordb8@bbb.org,M,81
Lawrence,Hamilton,lhamiltonb9@livejournal.com,M,59
Larry,Arnold,larnoldba@army.mil,M,85
Thomas,Jenkins,tjenkinsbb@businessweek.com,M,55
Roger,Morrison,rmorrisonbc@jugem.jp,M,66
Christine,Bradley,cbradleybd@timesonline.co.uk,F,97
Cynthia,Ellis,cellisbe@bloomberg.com,F,10
Denise,Mitchell,dmitchellbf@cornell.edu,F,34
Jimmy,Powell,jpowellbg@google.com.hk,M,56
Janet,Austin,jaustinbh@mail.ru,F,21
Kimberly,Wright,kwrightbi@businessweek.com,F,64
Larry,Henderson,lhendersonbj@google.cn,M,8
Debra,Hamilton,dhamiltonbk@storify.com,F,32
Denise,Ferguson,dfergusonbl@acquirethisname.com,F,75
Rebecca,Reed,rreedbm@gravatar.com,F,49
Kelly,Olson,kolsonbn@hibu.com,F,1
Louis,Warren,lwarrenbo@sphinn.com,M,68
Gary,Young,gyoungbp@imdb.com,M,27
Samuel,Oliver,soliverbq@engadget.com,M,36
Jack,Price,jpricebr@homestead.com,M,69
Elizabeth,Vasquez,evasquezbs@oaic.gov.au,F,68
Steve,Adams,sadamsbt@eepurl.com,M,30
Alan,Hamilton,ahamiltonbu@photobucket.com,M,27
Diane,Bryant,dbryantbv@npr.org,F,64
Bruce,Jones,bjonesbw@dedecms.com,M,92
Christina,King,ckingbx@msn.com,F,69
Nancy,Weaver,nweaverby@usa.gov,F,13
Bonnie,Frazier,bfrazierbz@weebly.com,F,100
Gloria,Lynch,glynchc0@weibo.com,F,41
Tina,Schmidt,tschmidtc1@nps.gov,F,45
Charles,Grant,cgrantc2@nationalgeographic.com,M,47
Lisa,Cooper,lcooperc3@usnews.com,F,74
Jack,Phillips,jphillipsc4@tinypic.com,M,82
Kelly,Nguyen,knguyenc5@digg.com,F,86
Daniel,Garrett,dgarrettc6@smugmug.com,M,70
Shirley,Hudson,shudsonc7@sina.com.cn,F,29
Daniel,Hall,dhallc8@artisteer.com,M,90
Helen,Miller,hmillerc9@plala.or.jp,F,20
Theresa,Ray,trayca@facebook.com,F,83
Kathy,Burke,kburkecb@ted.com,F,75
Craig,Hawkins,chawkinscc@mozilla.com,M,68
Anthony,Reed,areedcd@cam.ac.uk,M,47
Louise,West,lwestce@blogger.com,F,29
Phyllis,Diaz,pdiazcf@guardian.co.uk,F,95
Keith,Wheeler,kwheelercg@cam.ac.uk,M,1
Stephanie,Arnold,sarnoldch@usatoday.com,F,93
Michelle,Sanchez,msanchezci@imdb.com,F,48
Randy,Holmes,rholmescj@utexas.edu,M,16
Billy,Scott,bscottck@ask.com,M,32
Martin,Hart,mhartcl@yahoo.com,M,72
Terry,Harris,tharriscm@springer.com,M,31
Samuel,Ferguson,sfergusoncn@pcworld.com,M,14
Joan,James,jjamesco@privacy.gov.au,F,36
Pamela,Olson,polsoncp@eepurl.com,F,11
Shawn,Webb,swebbcq@cnbc.com,M,65
Amy,Edwards,aedwardscr@ehow.com,F,39
Patrick,Oliver,polivercs@hc360.com,M,57
Henry,Austin,haustinct@nasa.gov,M,70
Andrea,Welch,awelchcu@apache.org,F,4
Pamela,Hamilton,phamiltoncv@amazonaws.com,F,19
Anne,Green,agreencw@nps.gov,F,53
Michael,Thompson,mthompsoncx@accuweather.com,M,93
Harry,Berry,hberrycy@jimdo.com,M,35
Walter,Payne,wpaynecz@cbslocal.com,M,30
Anna,Torres,atorresd0@symantec.com,F,66
Albert,Jackson,ajacksond1@nytimes.com,M,15
Doris,Green,dgreend2@oakley.com,F,57
Kathryn,Morrison,kmorrisond3@artisteer.com,F,61
Theresa,Olson,tolsond4@flavors.me,F,97
Ruby,Turner,rturnerd5@google.co.jp,F,46
Tina,Cruz,tcruzd6@msu.edu,F,82
Jerry,Nichols,jnicholsd7@dailymotion.com,M,20
Kevin,Thomas,kthomasd8@elpais.com,M,35
Kenneth,Green,kgreend9@ameblo.jp,M,32
Samuel,Kim,skimda@amazon.co.uk,M,42
Carol,Thomas,cthomasdb@sogou.com,F,54
Larry,Palmer,lpalmerdc@feedburner.com,M,68
Kathy,Parker,kparkerdd@wix.com,F,82
Lois,Larson,llarsonde@reverbnation.com,F,26
Jeremy,Bishop,jbishopdf@freewebs.com,M,47
Debra,Torres,dtorresdg@paypal.com,F,43
Margaret,Alexander,malexanderdh@elpais.com,F,18
Joe,Harrison,jharrisondi@miibeian.gov.cn,M,34
Catherine,Dixon,cdixondj@oracle.com,F,97
Annie,Fowler,afowlerdk@ft.com,F,42
Antonio,Hart,ahartdl@nba.com,M,65
Angela,Jones,ajonesdm@plala.or.jp,F,21
Amanda,Jacobs,ajacobsdn@auda.org.au,F,3
Craig,Montgomery,cmontgomerydo@yahoo.co.jp,M,99
Angela,Patterson,apattersondp@globo.com,F,57
Nancy,Brown,nbrowndq@tripod.com,F,32
Jeremy,Carpenter,jcarpenterdr@yelp.com,M,39
Jimmy,Garcia,jgarciads@mashable.com,M,79
Chris,Long,clongdt@rakuten.co.jp,M,91
Brenda,Jordan,bjordandu@163.com,F,87
Wayne,Bell,wbelldv@webs.com,M,92
Gary,Morgan,gmorgandw@slashdot.org,M,19
Sara,Harper,sharperdx@sakura.ne.jp,F,31
Elizabeth,Harvey,eharveydy@reuters.com,F,98
Irene,Anderson,iandersondz@cnbc.com,F,74
Harry,Morrison,hmorrisone0@jalbum.net,M,37
Ernest,Hamilton,ehamiltone1@arstechnica.com,M,19
Carlos,Nelson,cnelsone2@sourceforge.net,M,93
Mary,Thomas,mthomase3@123-reg.co.uk,F,45
Peter,Dunn,pdunne4@acquirethisname.com,M,43
John,Ruiz,jruize5@symantec.com,M,28
Linda,Sullivan,lsullivane6@ezinearticles.com,F,20
Ryan,Hanson,rhansone7@com.com,M,12
John,Rice,jricee8@walmart.com,M,70
Mildred,Stanley,mstanleye9@fda.gov,F,75
Julie,Hughes,jhughesea@umich.edu,F,3
Juan,Weaver,jweavereb@plala.or.jp,M,54
Dennis,Martin,dmartinec@reference.com,M,7
Nancy,Patterson,npattersoned@dedecms.com,F,94
Roy,Snyder,rsnyderee@jigsy.com,M,39
Johnny,Wood,jwoodef@networksolutions.com,M,76
Peter,Fox,pfoxeg@apple.com,M,90
Donna,Woods,dwoodseh@ucsd.edu,F,17
Eric,Stephens,estephensei@businessinsider.com,M,44
Jesse,Ray,jrayej@i2i.jp,M,43
Jimmy,Knight,jknightek@nydailynews.com,M,46
Gary,Powell,gpowellel@mozilla.com,M,70
Wanda,Taylor,wtaylorem@usgs.gov,F,23
Sarah,Mason,smasonen@cpanel.net,F,62
Richard,Marshall,rmarshalleo@cnn.com,M,80
Phyllis,Flores,pfloresep@google.co.jp,F,82
Lawrence,Campbell,lcampbelleq@youtube.com,M,39
Laura,Williams,lwilliamser@npr.org,F,1
Juan,Vasquez,jvasquezes@phoca.cz,M,43
Rebecca,Cox,rcoxet@hostgator.com,F,77
Brandon,Fields,bfieldseu@stumbleupon.com,M,67
James,Carroll,jcarrollev@soup.io,M,54
Paul,Ross,prossew@uiuc.edu,M,90
Kathryn,Flores,kfloresex@hhs.gov,F,9
Dorothy,Berry,dberryey@themeforest.net,F,100
Jesse,Olson,jolsonez@nbcnews.com,M,54
Christine,Garrett,cgarrettf0@com.com,F,78
Shirley,Morgan,smorganf1@tamu.edu,F,94
Susan,Adams,sadamsf2@hao123.com,F,95
Charles,Gonzalez,cgonzalezf3@g.co,M,50
Arthur,Martin,amartinf4@a8.net,M,47
Jonathan,Gardner,jgardnerf5@ted.com,M,97
Gregory,Hansen,ghansenf6@dedecms.com,M,10
Evelyn,Jackson,ejacksonf7@youtube.com,F,76
Sandra,Boyd,sboydf8@timesonline.co.uk,F,7
Eugene,Mitchell,emitchellf9@dedecms.com,M,77
Melissa,Hart,mhartfa@nba.com,F,10
Robin,George,rgeorgefb@i2i.jp,F,100
Joseph,Hughes,jhughesfc@clickbank.net,M,71
Adam,Carroll,acarrollfd@jiathis.com,M,91
Beverly,Day,bdayfe@technorati.com,F,15
Susan,Freeman,sfreemanff@pagesperso-orange.fr,F,100
Kelly,Stanley,kstanleyfg@marriott.com,F,20
Doris,Elliott,delliottfh@vistaprint.com,F,46
Keith,Ford,kfordfi@de.vu,M,82
Martha,Nelson,mnelsonfj@bigcartel.com,F,48
Gloria,Wright,gwrightfk@nba.com,F,61
Kimberly,Lewis,klewisfl@google.it,F,76
Sandra,Johnson,sjohnsonfm@is.gd,F,66
Roy,Bradley,rbradleyfn@princeton.edu,M,54
Louis,Larson,llarsonfo@liveinternet.ru,M,72
Joshua,Hawkins,jhawkinsfp@cnn.com,M,55
Andrea,Cruz,acruzfq@multiply.com,F,67
Christopher,Alexander,calexanderfr@smh.com.au,M,95
Frank,Bishop,fbishopfs@boston.com,M,82
Justin,Fisher,jfisherft@ucla.edu,M,77
Louise,Cooper,lcooperfu@businessweek.com,F,4
Carolyn,Stewart,cstewartfv@xinhuanet.com,F,36
Tina,Campbell,tcampbellfw@census.gov,F,75
Earl,Ward,ewardfx@weibo.com,M,8
Bobby,Bell,bbellfy@1688.com,M,84
Henry,Griffin,hgriffinfz@bravesites.com,M,58
Russell,Lopez,rlopezg0@mtv.com,M,66
Martin,Wright,mwrightg1@upenn.edu,M,28
Beverly,Burke,bburkeg2@google.it,F,12
Ernest,Reyes,ereyesg3@dailymail.co.uk,M,62
Andrew,Kennedy,akennedyg4@cocolog-nifty.com,M,99
Heather,Foster,hfosterg5@histats.com,F,92
Eugene,Rose,eroseg6@drupal.org,M,37
Stephanie,Baker,sbakerg7@europa.eu,F,34
Terry,Franklin,tfrankling8@google.fr,M,44
Samuel,Anderson,sandersong9@acquirethisname.com,M,25
Jean,Martinez,jmartinezga@harvard.edu,F,99
Stephen,Arnold,sarnoldgb@china.com.cn,M,29
Christine,Coleman,ccolemangc@nature.com,F,17
Christopher,Daniels,cdanielsgd@google.co.uk,M,14
Barbara,Burke,bburkege@nymag.com,F,54
Juan,Burton,jburtongf@chronoengine.com,M,18
Diane,Hicks,dhicksgg@upenn.edu,F,8
Kathy,Palmer,kpalmergh@chronoengine.com,F,63
Diana,Mcdonald,dmcdonaldgi@vk.com,F,22
Lori,Perry,lperrygj@usatoday.com,F,61
Dennis,Cook,dcookgk@va.gov,M,52
Heather,Lawrence,hlawrencegl@canalblog.com,F,83
Shawn,Coleman,scolemangm@si.edu,M,31
Kenneth,Torres,ktorresgn@instagram.com,M,67
Bobby,Hicks,bhicksgo@census.gov,M,16
Dorothy,Mendoza,dmendozagp@symantec.com,F,78
Kathryn,Thomas,kthomasgq@about.com,F,6
Justin,Carter,jcartergr@delicious.com,M,91
Elizabeth,Coleman,ecolemangs@merriam-webster.com,F,79
Brenda,Foster,bfostergt@com.com,F,43
Angela,Garza,agarzagu@netvibes.com,F,38
Ruby,Chavez,rchavezgv@bloomberg.com,F,24
Christine,Perez,cperezgw@amazon.com,F,52
Joe,Powell,jpowellgx@creativecommons.org,M,77
Jonathan,Stevens,jstevensgy@networksolutions.com,M,38
Evelyn,Ryan,eryangz@nbcnews.com,F,22
Doris,Long,dlongh0@odnoklassniki.ru,F,45
Earl,Rivera,eriverah1@zimbio.com,M,44
Justin,Hunter,jhunterh2@odnoklassniki.ru,M,14
Melissa,Lawson,mlawsonh3@sciencedirect.com,F,37
Rose,Peters,rpetersh4@sciencedaily.com,F,2
Paul,Austin,paustinh5@senate.gov,M,69
Anna,Sullivan,asullivanh6@behance.net,F,15
Kathryn,Baker,kbakerh7@vinaora.com,F,4
Earl,Young,eyoungh8@microsoft.com,M,64
Matthew,Gardner,mgardnerh9@guardian.co.uk,M,84
Debra,Ellis,dellisha@java.com,F,33
Angela,Andrews,aandrewshb@yelp.com,F,90
Louis,Robinson,lrobinsonhc@ebay.com,M,94
Thomas,Thompson,tthompsonhd@usa.gov,M,51
Norma,Knight,nknighthe@friendfeed.com,F,86
Robert,Mccoy,rmccoyhf@ox.ac.uk,M,79
George,Hill,ghillhg@multiply.com,M,12
Doris,Clark,dclarkhh@chron.com,F,95
Jean,Clark,jclarkhi@ft.com,F,31
Lori,Howard,lhowardhj@imdb.com,F,58
Phyllis,Spencer,pspencerhk@amazon.com,F,47
Anna,Nelson,anelsonhl@sphinn.com,F,73
Donald,Hudson,dhudsonhm@fastcompany.com,M,56
Jacqueline,Lawrence,jlawrencehn@cmu.edu,F,61
Willie,Ferguson,wfergusonho@constantcontact.com,M,81
Donna,Hudson,dhudsonhp@addtoany.com,F,50
Martin,Fowler,mfowlerhq@rediff.com,M,36
Jeremy,Williams,jwilliamshr@gravatar.com,M,82
Catherine,Smith,csmithhs@lulu.com,F,89
Andrew,Mitchell,amitchellht@dell.com,M,20
Catherine,Adams,cadamshu@arizona.edu,F,4
Douglas,Alexander,dalexanderhv@youku.com,M,14
Dorothy,Jones,djoneshw@elegantthemes.com,F,19
Christina,Cruz,ccruzhx@canalblog.com,F,30
Phillip,Powell,ppowellhy@mayoclinic.com,M,72
Edward,Hudson,ehudsonhz@cnn.com,M,44
Russell,Reynolds,rreynoldsi0@miitbeian.gov.cn,M,47
Daniel,Murray,dmurrayi1@princeton.edu,M,86
Roger,Parker,rparkeri2@soup.io,M,95
Maria,Gordon,mgordoni3@imdb.com,F,92
Ann,Day,adayi4@naver.com,F,12
Melissa,Bailey,mbaileyi5@hhs.gov,F,66
Daniel,Banks,dbanksi6@php.net,M,21
Rose,Hernandez,rhernandezi7@amazon.de,F,10
Nancy,Ross,nrossi8@woothemes.com,F,35
Patrick,Foster,pfosteri9@vinaora.com,M,3
Maria,Turner,mturneria@thetimes.co.uk,F,91
Carlos,Burke,cburkeib@nature.com,M,12
Robert,Williamson,rwilliamsonic@odnoklassniki.ru,M,2
Fred,Garrett,fgarrettid@purevolume.com,M,20
Michael,Harrison,mharrisonie@friendfeed.com,M,39
Jason,Powell,jpowellif@purevolume.com,M,59
Lillian,Mendoza,lmendozaig@ustream.tv,F,1
Anne,Lewis,alewisih@free.fr,F,56
Jack,Perry,jperryii@earthlink.net,M,60
Randy,Kelley,rkelleyij@usda.gov,M,93
Christina,Black,cblackik@sphinn.com,F,93
Nancy,Ramos,nramosil@marriott.com,F,49
Craig,Dixon,cdixonim@buzzfeed.com,M,10
Karen,Robinson,krobinsonin@ning.com,F,87
Steve,Gray,sgrayio@scribd.com,M,1
Marie,Fuller,mfullerip@wufoo.com,F,100
Jack,Jones,jjonesiq@discuz.net,M,96
Charles,Marshall,cmarshallir@examiner.com,M,12
Earl,Butler,ebutleris@nationalgeographic.com,M,70
Linda,Cooper,lcooperit@cdbaby.com,F,54
Dorothy,Butler,dbutleriu@weather.com,F,47
Rebecca,Stone,rstoneiv@dion.ne.jp,F,14
Jennifer,Bowman,jbowmaniw@feedburner.com,F,53
Sara,Jacobs,sjacobsix@domainmarket.com,F,1
Martin,Adams,madamsiy@sourceforge.net,M,29
Raymond,Oliver,roliveriz@cornell.edu,M,13
Diane,Hudson,dhudsonj0@microsoft.com,F,79
Philip,Schmidt,pschmidtj1@mapy.cz,M,31
Wayne,Holmes,wholmesj2@prweb.com,M,7
Sarah,Bishop,sbishopj3@nydailynews.com,F,68
David,Simmons,dsimmonsj4@weebly.com,M,66
Steve,Frazier,sfrazierj5@home.pl,M,75
Justin,Moreno,jmorenoj6@lulu.com,M,80
Joyce,Bishop,jbishopj7@mapquest.com,F,34
Denise,Nelson,dnelsonj8@e-recht24.de,F,9
Russell,Peterson,rpetersonj9@google.it,M,68
Gregory,Wheeler,gwheelerja@redcross.org,M,42
Denise,Cooper,dcooperjb@whitehouse.gov,F,53
Fred,Lewis,flewisjc@bloglines.com,M,58
Christine,Chapman,cchapmanjd@state.tx.us,F,63
Virginia,Andrews,vandrewsje@wix.com,F,23
Louis,Porter,lporterjf@mac.com,M,44
Thomas,Tucker,ttuckerjg@prlog.org,M,12
Rachel,Lopez,rlopezjh@fda.gov,F,85
George,Butler,gbutlerji@posterous.com,M,21
Virginia,Burton,vburtonjj@upenn.edu,F,38
Michael,Hamilton,mhamiltonjk@smugmug.com,M,24
Rebecca,Martin,rmartinjl@earthlink.net,F,65
Frank,Dean,fdeanjm@ucoz.com,M,92
Robin,Day,rdayjn@theatlantic.com,F,5
John,Riley,jrileyjo@prweb.com,M,36
Antonio,Reed,areedjp@berkeley.edu,M,76
Marie,Dunn,mdunnjq@google.co.uk,F,83
Jacqueline,Howard,jhowardjr@google.com.br,F,47
Frank,Knight,fknightjs@wired.com,M,96
Pamela,Snyder,psnyderjt@sohu.com,F,42
Kathleen,Collins,kcollinsju@vinaora.com,F,79
Jacqueline,Myers,jmyersjv@pinterest.com,F,79
Eugene,Stephens,estephensjw@globo.com,M,50
Juan,Garrett,jgarrettjx@a8.net,M,71
Willie,Hicks,whicksjy@comsenz.com,M,86
Tammy,Banks,tbanksjz@quantcast.com,F,95
Ashley,Hudson,ahudsonk0@wikia.com,F,15
Donald,Andrews,dandrewsk1@reddit.com,M,34
Debra,Myers,dmyersk2@whitehouse.gov,F,53
Terry,Mccoy,tmccoyk3@marriott.com,M,74
Samuel,Green,sgreenk4@dyndns.org,M,74
Doris,Garcia,dgarciak5@bloomberg.com,F,70
Sharon,Roberts,srobertsk6@cafepress.com,F,84
Mary,Roberts,mrobertsk7@pbs.org,F,16
Judy,Hawkins,jhawkinsk8@printfriendly.com,F,69
Earl,Alvarez,ealvarezk9@shutterfly.com,M,86
Benjamin,Oliver,boliverka@latimes.com,M,88
Jerry,Rodriguez,jrodriguezkb@paginegialle.it,M,11
Joshua,Richardson,jrichardsonkc@tinypic.com,M,79
Robin,Rice,rricekd@discuz.net,F,68
Christopher,Morris,cmorriske@e-recht24.de,M,31
Christina,Fernandez,cfernandezkf@google.com.hk,F,56
Catherine,Wells,cwellskg@gravatar.com,F,66
Lillian,Gardner,lgardnerkh@wunderground.com,F,43
Martin,Berry,mberryki@craigslist.org,M,96
Sara,Wallace,swallacekj@stanford.edu,F,74
Harry,Ramos,hramoskk@google.de,M,20
Keith,Graham,kgrahamkl@sogou.com,M,43
Michelle,Miller,mmillerkm@usa.gov,F,19
Karen,Rice,kricekn@tripod.com,F,96
Peter,Carpenter,pcarpenterko@free.fr,M,69
Rebecca,Watkins,rwatkinskp@nymag.com,F,39
Jack,Franklin,jfranklinkq@ted.com,M,36
Nancy,Freeman,nfreemankr@sohu.com,F,83
Ernest,Perez,eperezks@biblegateway.com,M,92
Ronald,Alvarez,ralvarezkt@rakuten.co.jp,M,90
Philip,Washington,pwashingtonku@newyorker.com,M,77
Sharon,Kim,skimkv@infoseek.co.jp,F,3
Douglas,Wells,dwellskw@newyorker.com,M,52
Ryan,Wagner,rwagnerkx@reddit.com,M,84
Cheryl,Reynolds,creynoldsky@cafepress.com,F,44
Willie,Mills,wmillskz@usda.gov,M,9
Denise,Jackson,djacksonl0@nba.com,F,81
Jane,Bell,jbelll1@simplemachines.org,F,70
Lillian,Cruz,lcruzl2@hubpages.com,F,34
Steven,Frazier,sfrazierl3@amazon.de,M,44
George,Baker,gbakerl4@hp.com,M,34
Julia,Gutierrez,jgutierrezl5@cnet.com,F,59
Earl,Watson,ewatsonl6@wunderground.com,M,14
George,Hughes,ghughesl7@berkeley.edu,M,50
Benjamin,Stevens,bstevensl8@ucoz.ru,M,22
Carol,Long,clongl9@nbcnews.com,F,22
Walter,Martin,wmartinla@google.com.hk,M,91
Jane,Baker,jbakerlb@tuttocitta.it,F,20
Aaron,Bryant,abryantlc@ft.com,M,28
Frank,Cole,fcoleld@goodreads.com,M,36
Carlos,Tucker,ctuckerle@sciencedaily.com,M,88
Phyllis,Griffin,pgriffinlf@elpais.com,F,76
Ronald,Black,rblacklg@jiathis.com,M,72
Mary,Lynch,mlynchlh@123-reg.co.uk,F,63
Julie,Oliver,joliverli@businessinsider.com,F,22
Billy,Coleman,bcolemanlj@csmonitor.com,M,99
Rose,Pierce,rpiercelk@drupal.org,F,77
Patrick,Clark,pclarkll@behance.net,M,46
Louise,Bennett,lbennettlm@ask.com,F,41
Craig,Wells,cwellsln@homestead.com,M,9
Russell,Garrett,rgarrettlo@columbia.edu,M,29
Brian,Adams,badamslp@drupal.org,M,84
Victor,Burns,vburnslq@xing.com,M,73
Lawrence,Bennett,lbennettlr@npr.org,M,50
Tina,Kim,tkimls@gravatar.com,F,45
Fred,George,fgeorgelt@jigsy.com,M,30
Albert,Morrison,amorrisonlu@livejournal.com,M,26
Diane,Fowler,dfowlerlv@miibeian.gov.cn,F,54
Roy,Patterson,rpattersonlw@cnbc.com,M,57
Teresa,Romero,tromerolx@foxnews.com,F,19
James,Henderson,jhendersonly@rakuten.co.jp,M,69
Dorothy,Dunn,ddunnlz@istockphoto.com,F,76
Thomas,Ortiz,tortizm0@reference.com,M,67
Cheryl,Thompson,cthompsonm1@123-reg.co.uk,F,27
Steve,Austin,saustinm2@blogger.com,M,96
Anne,Graham,agrahamm3@newsvine.com,F,15
David,Daniels,ddanielsm4@issuu.com,M,39
Kathy,Sanders,ksandersm5@mac.com,F,47
Evelyn,Flores,efloresm6@google.co.uk,F,31
Betty,Cruz,bcruzm7@sun.com,F,22
Victor,Fields,vfieldsm8@vkontakte.ru,M,38
Joseph,Harris,jharrism9@ucoz.ru,M,22
Kenneth,Hunt,khuntma@alibaba.com,M,66
Beverly,Burke,bburkemb@photobucket.com,F,95
Martin,Brooks,mbrooksmc@time.com,M,32
Anne,Watson,awatsonmd@woothemes.com,F,13
Evelyn,Ramos,eramosme@elpais.com,F,74
Patrick,Fisher,pfishermf@theguardian.com,M,7
Kevin,Cunningham,kcunninghammg@howstuffworks.com,M,47
Todd,Wood,twoodmh@home.pl,M,61
Willie,Marshall,wmarshallmi@mit.edu,M,20
Richard,Kennedy,rkennedymj@geocities.com,M,46
Fred,Anderson,fandersonmk@freewebs.com,M,11
Harold,Wells,hwellsml@japanpost.jp,M,83
Stephen,Bryant,sbryantmm@apple.com,M,72
Anne,Ruiz,aruizmn@dion.ne.jp,F,80
Jose,Alexander,jalexandermo@tumblr.com,M,43
Patricia,Bailey,pbaileymp@cam.ac.uk,F,72
Frank,Barnes,fbarnesmq@cafepress.com,M,92
Sara,Scott,sscottmr@forbes.com,F,93
Michelle,Hunter,mhunterms@senate.gov,F,57
Amy,Young,ayoungmt@exblog.jp,F,40
Bobby,Owens,bowensmu@unc.edu,M,10
Joshua,Stewart,jstewartmv@csmonitor.com,M,87
Douglas,Gibson,dgibsonmw@wordpress.com,M,47
Mildred,Andrews,mandrewsmx@tamu.edu,F,59
Louise,Gordon,lgordonmy@vinaora.com,F,83
Beverly,Walker,bwalkermz@nytimes.com,F,10
Joseph,Bryant,jbryantn0@youtu.be,M,11
Paula,Rivera,priveran1@cmu.edu,F,39
Marie,Gardner,mgardnern2@baidu.com,F,30
Judy,Bradley,jbradleyn3@hexun.com,F,48
Sharon,Gordon,sgordonn4@infoseek.co.jp,F,89
Jesse,Grant,jgrantn5@princeton.edu,M,21
Jerry,Flores,jfloresn6@i2i.jp,M,64
Douglas,Reid,dreidn7@issuu.com,M,23
Virginia,Pierce,vpiercen8@zdnet.com,F,92
Nancy,Hayes,nhayesn9@so-net.ne.jp,F,64
Frank,Burke,fburkena@bbc.co.uk,M,27
Walter,Bowman,wbowmannb@stanford.edu,M,87
Jesse,Martin,jmartinnc@altervista.org,M,42
Gary,Taylor,gtaylornd@craigslist.org,M,17
Andrew,Davis,adavisne@list-manage.com,M,39
Cynthia,Jackson,cjacksonnf@nifty.com,F,72
Gary,Howell,ghowellng@de.vu,M,7
Lori,Owens,lowensnh@booking.com,F,42
Doris,Mendoza,dmendozani@acquirethisname.com,F,73
Jonathan,Graham,jgrahamnj@comcast.net,M,26
Joyce,Wheeler,jwheelernk@tinyurl.com,F,51
Ralph,Baker,rbakernl@wix.com,M,87
Walter,Ortiz,wortiznm@shinystat.com,M,90
Phillip,Cunningham,pcunninghamnn@google.cn,M,93
Donna,Russell,drussellno@google.com,F,41
Thomas,Rivera,triveranp@unc.edu,M,30
Barbara,Day,bdaynq@printfriendly.com,F,96
Tammy,Harper,tharpernr@elpais.com,F,47
Richard,Marshall,rmarshallns@soundcloud.com,M,48
Edward,Cox,ecoxnt@dailymail.co.uk,M,12
Timothy,Bryant,tbryantnu@mail.ru,M,90
Todd,Dunn,tdunnnv@state.gov,M,28
Denise,Dunn,ddunnnw@live.com,F,37
Terry,Morrison,tmorrisonnx@t-online.de,M,95
Kathleen,Wallace,kwallaceny@unicef.org,F,1
Sandra,Lawrence,slawrencenz@example.com,F,9
Howard,Fernandez,hfernandezo0@furl.net,M,88
Gerald,Ruiz,gruizo1@bluehost.com,M,63
Jonathan,Parker,jparkero2@marketwatch.com,M,70
Jesse,Ruiz,jruizo3@salon.com,M,20
Douglas,Snyder,dsnydero4@senate.gov,M,95
Julia,Hunt,jhunto5@smh.com.au,F,100
Kenneth,Lawrence,klawrenceo6@typepad.com,M,71
Jeffrey,Warren,jwarreno7@cafepress.com,M,13
Jacqueline,Taylor,jtayloro8@unblog.fr,F,25
Norma,Ramos,nramoso9@mac.com,F,6
Rebecca,Hughes,rhughesoa@mac.com,F,6
Andrew,Austin,aaustinob@howstuffworks.com,M,33
Debra,Wood,dwoodoc@tumblr.com,F,24
Joseph,Reid,jreidod@nps.gov,M,59
Tina,Fisher,tfisheroe@sakura.ne.jp,F,36
Jesse,Jones,jjonesof@trellian.com,M,90
Jesse,Mills,jmillsog@discovery.com,M,52
Michael,Smith,msmithoh@tmall.com,M,26
Tina,Carroll,tcarrolloi@nsw.gov.au,F,59
Gregory,White,gwhiteoj@icio.us,M,50
Donald,Bell,dbellok@netvibes.com,M,71
Alan,Sanchez,asanchezol@tiny.cc,M,15
Annie,Roberts,arobertsom@fema.gov,F,12
Carol,Lynch,clynchon@gnu.org,F,29
Kimberly,Bell,kbelloo@imageshack.us,F,16
Cheryl,Wells,cwellsop@sohu.com,F,24
Theresa,Myers,tmyersoq@sphinn.com,F,56
Peter,Welch,pwelchor@globo.com,M,40
Ann,Larson,alarsonos@flickr.com,F,21
Gloria,Perkins,gperkinsot@cdc.gov,F,44
Barbara,Green,bgreenou@dot.gov,F,3
Larry,Watkins,lwatkinsov@multiply.com,M,53
Ronald,Collins,rcollinsow@state.gov,M,33
Susan,Cole,scoleox@facebook.com,F,95
Eric,Dean,edeanoy@exblog.jp,M,87
Anthony,Wright,awrightoz@tripadvisor.com,M,93
Dorothy,Holmes,dholmesp0@ft.com,F,40
Larry,Johnson,ljohnsonp1@goo.gl,M,29
Ralph,Larson,rlarsonp2@pagesperso-orange.fr,M,92
Tina,Nelson,tnelsonp3@marketwatch.com,F,21
Arthur,Weaver,aweaverp4@trellian.com,M,90
Denise,Kelley,dkelleyp5@ifeng.com,F,62
Alan,Romero,aromerop6@chicagotribune.com,M,91
Joe,Campbell,jcampbellp7@yandex.ru,M,66
Paula,Burke,pburkep8@google.nl,F,82
Ronald,Baker,rbakerp9@kickstarter.com,M,53
Brian,White,bwhitepa@google.co.uk,M,6
Rachel,Stanley,rstanleypb@reference.com,F,7
Billy,Walker,bwalkerpc@flickr.com,M,78
Janice,Hudson,jhudsonpd@usa.gov,F,13
Peter,Armstrong,parmstrongpe@mac.com,M,48
Nancy,Reed,nreedpf@redcross.org,F,73
Bonnie,Cole,bcolepg@shop-pro.jp,F,34
Ralph,Morris,rmorrisph@harvard.edu,M,65
James,Bowman,jbowmanpi@seattletimes.com,M,99
Lori,Rivera,lriverapj@alibaba.com,F,31
Harry,Sullivan,hsullivanpk@dion.ne.jp,M,14
Bonnie,Dunn,bdunnpl@un.org,F,45
Charles,Flores,cflorespm@i2i.jp,M,79
Alan,Weaver,aweaverpn@ovh.net,M,27
Donald,Weaver,dweaverpo@360.cn,M,14
Thomas,Pierce,tpiercepp@prlog.org,M,87
Ruth,Anderson,randersonpq@cafepress.com,F,63
Alice,Allen,aallenpr@lulu.com,F,97
Irene,Ortiz,iortizps@so-net.ne.jp,F,48
Lois,Lane,llanept@bing.com,F,7
George,Hicks,ghickspu@bluehost.com,M,17
Stephen,Bell,sbellpv@opensource.org,M,79
Karen,Simpson,ksimpsonpw@xrea.com,F,38
Pamela,Phillips,pphillipspx@eepurl.com,F,12
Thomas,Kim,tkimpy@e-recht24.de,M,56
Ryan,Smith,rsmithpz@state.tx.us,M,80
Frank,Hart,fhartq0@jimdo.com,M,44
Tammy,Richards,trichardsq1@dyndns.org,F,91
Carlos,Porter,cporterq2@slideshare.net,M,89
Randy,Cox,rcoxq3@bloglines.com,M,76
Mary,Andrews,mandrewsq4@ning.com,F,74
Dorothy,Flores,dfloresq5@virginia.edu,F,51
Kathleen,Collins,kcollinsq6@bloglines.com,F,65
Sandra,Carpenter,scarpenterq7@alexa.com,F,30
William,Simmons,wsimmonsq8@chronoengine.com,M,93
Helen,Chavez,hchavezq9@simplemachines.org,F,37
Edward,Walker,ewalkerqa@howstuffworks.com,M,74
Douglas,Hunt,dhuntqb@fc2.com,M,79
Arthur,Gilbert,agilbertqc@house.gov,M,36
Judith,Johnston,jjohnstonqd@un.org,F,78
Harry,Marshall,hmarshallqe@xing.com,M,77
Irene,Shaw,ishawqf@comsenz.com,F,80
Irene,Stone,istoneqg@ca.gov,F,92
Nicole,Cook,ncookqh@naver.com,F,32
Robin,Simmons,rsimmonsqi@archive.org,F,21
James,Kim,jkimqj@jigsy.com,M,57
Joshua,Wright,jwrightqk@dot.gov,M,76
Andrea,Warren,awarrenql@multiply.com,F,4
Henry,Kim,hkimqm@newyorker.com,M,61
Martha,Gonzalez,mgonzalezqn@foxnews.com,F,99
Theresa,Allen,tallenqo@altervista.org,F,10
Lillian,Nichols,lnicholsqp@smugmug.com,F,35
Ruth,George,rgeorgeqq@smugmug.com,F,90
Wayne,Carter,wcarterqr@rediff.com,M,84
Walter,Torres,wtorresqs@slideshare.net,M,100
Ralph,Wood,rwoodqt@chicagotribune.com,M,32
Ralph,Austin,raustinqu@newyorker.com,M,41
Carl,Fields,cfieldsqv@slideshare.net,M,25
Randy,Gardner,rgardnerqw@skyrock.com,M,2
Sharon,Carroll,scarrollqx@webmd.com,F,46
Kevin,Robinson,krobinsonqy@disqus.com,M,98
Antonio,Fisher,afisherqz@jalbum.net,M,39
Joyce,Wright,jwrightr0@domainmarket.com,F,7
Sara,Reed,sreedr1@upenn.edu,F,1
Jacqueline,Mccoy,jmccoyr2@nyu.edu,F,26
Juan,West,jwestr3@webeden.co.uk,M,14
Jimmy,Bailey,jbaileyr4@mapy.cz,M,7
Jack,Woods,jwoodsr5@economist.com,M,32
Dorothy,Mitchell,dmitchellr6@oakley.com,F,96
Todd,Sullivan,tsullivanr7@arizona.edu,M,51
Robert,Smith,rsmithr8@cnbc.com,M,89
David,Diaz,ddiazr9@prweb.com,M,30
Anna,Vasquez,avasquezra@psu.edu,F,85
Denise,Alvarez,dalvarezrb@artisteer.com,F,28
Edward,Ramos,eramosrc@woothemes.com,M,21
Raymond,Sanders,rsandersrd@xrea.com,M,85
Catherine,Simpson,csimpsonre@dedecms.com,F,85
Anne,Perkins,aperkinsrf@gizmodo.com,F,84
Lillian,Gutierrez,lgutierrezrg@flavors.me,F,1
Robert,Medina,rmedinarh@reference.com,M,93
Elizabeth,Walker,ewalkerri@typepad.com,F,17
Walter,Larson,wlarsonrj@homestead.com,M,22
Patrick,Martinez,pmartinezrk@hexun.com,M,3
David,Carpenter,dcarpenterrl@buzzfeed.com,M,71
Kevin,Harper,kharperrm@businessweek.com,M,81
Debra,Bradley,dbradleyrn@github.com,F,47
Rachel,Ramirez,rramirezro@naver.com,F,43
Jennifer,Rice,jricerp@google.co.uk,F,99
Mildred,Patterson,mpattersonrq@vinaora.com,F,50
Ruby,Jackson,rjacksonrr@hubpages.com,F,66
